﻿[
	{
		"schemaName": "dbo",
		"items": [
			{ "procName": "exeAuthenticateUser" },
			{ "procName": "exeGetLoggedInValues" },
			{ "procName": "exeTestUserSecurityToken" },
			{ "procName": "exeUserHasRights" },
			/*commented as example of options*/ /*{
				"procName": "qryMobileExistingCheckoutReqs",
				"resultNames": [
					"itemInfo",
					"upcInfo",
					"locationInfo",
					"scanInfo"
				],
				"strictOptions": {
					"includeExecuteOnly":  false,
					"includeGetFirst":  false,
					"includeGetList":  false,
					"includeGetScalar":  false
				}
			},*/
			{ "procName": "qryStoresByFilter" },
			{
				"procName": "qryUserProfile",
				"makeCrudBo": true,
				"makeCrudBoTs": true,
				"makeCrudController": true,
				"makeCrudService": true
			},
			{ "procName": "qryUserRights" },
			{ "procName": "rptBirthdays" },
			{ "procName": "rptMasterInventoryItems" },
			{ "procname": "rptRestaurantInventoryListing" }
		]
	}
]
