﻿[
	{
		"schemaName": "dbo",
		"items": [
			/*commented as example of options*/ /*
			{
				"tableName": "mobilecountscheckoutitem",
				"bulkInsert": true,
				"excludeInsertUpdateDelete":  true
			},*/
			{
				"tableName": "eeocdefs",
				"makeCrudBo": true,
				"makeCrudBoTs": true,
				"makeCrudController": true,
				"makeCrudService": true
			},
			{
				"tableName": "inventoryheader",
				"makeCrudBo": true,
				"makeCrudBoTs": true,
				"makeCrudController": true,
				"makeCrudService": true
			},
			{ "tableName": "reportcache" },
			{ "tableName": "stores" },
			{
				"tableName": "users",
				"makeCrudBo": true,
				"makeCrudBoTs": true,
				"makeCrudController": true,
				"makeCrudService": true,
				"collections": [
					{
						"columnName": "userid",
						"collectionName": "userStoreLinks",
						"otherTableName": "userstorelinks",
						"otherSchemaNameIfDifferent": "dbo",/*not required, added for example*/
						"otherTableColumnName": "userid"
					}
				]
			},
			{
				"tableName": "userstorelinks",
				"makeCrudBo": true,
				"makeCrudBoTs": true
			}

		]
	}/*,
	{
		"schemaName": "shr",
		"items": [
			{ "tableName": "users" },
			{ "tableName": "stores" }
		]
	}*/
]